"filename", "language", "Markdown", "JSON", "JavaScript JSX", "Ignore", "JavaScript", "MS SQL", "TypeScript", "JSON with Comments", "TypeScript JSX", "YAML", "CSS", "XML", "HTML", "comment", "blank", "total"
"/home/winter/Desktop/UnKnownWorld/Adminnn/Tryodo-Website/.cursor/mcp.json", "JSON", 0, 16, 0, 0, 0, 0, 0, 0, 0, 0, 0, 0, 0, 0, 1, 17
"/home/winter/Desktop/UnKnownWorld/Adminnn/Tryodo-Website/.cursorignore", "Ignore", 0, 0, 0, 0, 0, 0, 0, 0, 0, 0, 0, 0, 0, 1, 1, 2
"/home/winter/Desktop/UnKnownWorld/Adminnn/Tryodo-Website/FIXES_SUMMARY.md", "Markdown", 17, 0, 0, 0, 0, 0, 0, 0, 0, 0, 0, 0, 0, 0, 8, 25
"/home/winter/Desktop/UnKnownWorld/Adminnn/Tryodo-Website/ORDER_SYSTEM_FIXES.md", "Markdown", 108, 0, 0, 0, 0, 0, 0, 0, 0, 0, 0, 0, 0, 0, 28, 136
"/home/winter/Desktop/UnKnownWorld/Adminnn/Tryodo-Website/README.md", "Markdown", 81, 0, 0, 0, 0, 0, 0, 0, 0, 0, 0, 0, 0, 0, 24, 105
"/home/winter/Desktop/UnKnownWorld/Adminnn/Tryodo-Website/SLOT_DELIVERY_SYSTEM.md", "Markdown", 332, 0, 0, 0, 0, 0, 0, 0, 0, 0, 0, 0, 0, 0, 76, 408
"/home/winter/Desktop/UnKnownWorld/Adminnn/Tryodo-Website/browser-debug.js", "JavaScript", 0, 0, 0, 0, 112, 0, 0, 0, 0, 0, 0, 0, 0, 10, 19, 141
"/home/winter/Desktop/UnKnownWorld/Adminnn/Tryodo-Website/components.json", "JSON", 0, 20, 0, 0, 0, 0, 0, 0, 0, 0, 0, 0, 0, 0, 0, 20
"/home/winter/Desktop/UnKnownWorld/Adminnn/Tryodo-Website/debug-service-role.js", "JavaScript", 0, 0, 0, 0, 52, 0, 0, 0, 0, 0, 0, 0, 0, 6, 13, 71
"/home/winter/Desktop/UnKnownWorld/Adminnn/Tryodo-Website/design-home-page.json", "JSON", 0, 0, 0, 0, 0, 0, 0, 0, 0, 0, 0, 0, 0, 0, 1, 1
"/home/winter/Desktop/UnKnownWorld/Adminnn/Tryodo-Website/eslint.config.js", "JavaScript", 0, 0, 0, 0, 28, 0, 0, 0, 0, 0, 0, 0, 0, 0, 2, 30
"/home/winter/Desktop/UnKnownWorld/Adminnn/Tryodo-Website/firebase.json", "JSON", 0, 16, 0, 0, 0, 0, 0, 0, 0, 0, 0, 0, 0, 0, 1, 17
"/home/winter/Desktop/UnKnownWorld/Adminnn/Tryodo-Website/index.html", "HTML", 0, 0, 0, 0, 0, 0, 0, 0, 0, 0, 0, 0, 40, 7, 9, 56
"/home/winter/Desktop/UnKnownWorld/Adminnn/Tryodo-Website/new-check.jsx", "JavaScript JSX", 0, 0, 473, 0, 0, 0, 0, 0, 0, 0, 0, 0, 0, 0, 46, 519
"/home/winter/Desktop/UnKnownWorld/Adminnn/Tryodo-Website/package-lock.json", "JSON", 0, 12366, 0, 0, 0, 0, 0, 0, 0, 0, 0, 0, 0, 0, 1, 12367
"/home/winter/Desktop/UnKnownWorld/Adminnn/Tryodo-Website/package.json", "JSON", 0, 89, 0, 0, 0, 0, 0, 0, 0, 0, 0, 0, 0, 0, 1, 90
"/home/winter/Desktop/UnKnownWorld/Adminnn/Tryodo-Website/pnpm-lock.yaml", "YAML", 0, 0, 0, 0, 0, 0, 0, 0, 0, 7080, 0, 0, 0, 0, 1642, 8722
"/home/winter/Desktop/UnKnownWorld/Adminnn/Tryodo-Website/postcss.config.js", "JavaScript", 0, 0, 0, 0, 6, 0, 0, 0, 0, 0, 0, 0, 0, 0, 1, 7
"/home/winter/Desktop/UnKnownWorld/Adminnn/Tryodo-Website/public/index.html", "HTML", 0, 0, 0, 0, 0, 0, 0, 0, 0, 0, 0, 0, 79, 6, 5, 90
"/home/winter/Desktop/UnKnownWorld/Adminnn/Tryodo-Website/public/manifest.json", "JSON", 0, 93, 0, 0, 0, 0, 0, 0, 0, 0, 0, 0, 0, 0, 0, 93
"/home/winter/Desktop/UnKnownWorld/Adminnn/Tryodo-Website/public/offline.html", "HTML", 0, 0, 0, 0, 0, 0, 0, 0, 0, 0, 0, 0, 145, 0, 18, 163
"/home/winter/Desktop/UnKnownWorld/Adminnn/Tryodo-Website/public/placeholder.svg", "XML", 0, 0, 0, 0, 0, 0, 0, 0, 0, 0, 0, 1, 0, 0, 0, 1
"/home/winter/Desktop/UnKnownWorld/Adminnn/Tryodo-Website/src/App.css", "CSS", 0, 0, 0, 0, 0, 0, 0, 0, 0, 0, 37, 0, 0, 0, 6, 43
"/home/winter/Desktop/UnKnownWorld/Adminnn/Tryodo-Website/src/App.tsx", "TypeScript JSX", 0, 0, 0, 0, 0, 0, 0, 0, 167, 0, 0, 0, 0, 10, 20, 197
"/home/winter/Desktop/UnKnownWorld/Adminnn/Tryodo-Website/src/components/CategoryCard.tsx", "TypeScript JSX", 0, 0, 0, 0, 0, 0, 0, 0, 31, 0, 0, 0, 0, 1, 8, 40
"/home/winter/Desktop/UnKnownWorld/Adminnn/Tryodo-Website/src/components/Footer.tsx", "TypeScript JSX", 0, 0, 0, 0, 0, 0, 0, 0, 53, 0, 0, 0, 0, 4, 6, 63
"/home/winter/Desktop/UnKnownWorld/Adminnn/Tryodo-Website/src/components/Header.tsx", "TypeScript JSX", 0, 0, 0, 0, 0, 0, 0, 0, 263, 0, 0, 0, 0, 11, 22, 296
"/home/winter/Desktop/UnKnownWorld/Adminnn/Tryodo-Website/src/components/LoadingSpinner.tsx", "TypeScript JSX", 0, 0, 0, 0, 0, 0, 0, 0, 94, 0, 0, 0, 0, 0, 15, 109
"/home/winter/Desktop/UnKnownWorld/Adminnn/Tryodo-Website/src/components/MobileBottomNav.tsx", "TypeScript JSX", 0, 0, 0, 0, 0, 0, 0, 0, 198, 0, 0, 0, 0, 12, 19, 229
"/home/winter/Desktop/UnKnownWorld/Adminnn/Tryodo-Website/src/components/MobileOrderCard.tsx", "TypeScript JSX", 0, 0, 0, 0, 0, 0, 0, 0, 433, 0, 0, 0, 0, 12, 31, 476
"/home/winter/Desktop/UnKnownWorld/Adminnn/Tryodo-Website/src/components/NetworkStatusIndicator.tsx", "TypeScript JSX", 0, 0, 0, 0, 0, 0, 0, 0, 23, 0, 0, 0, 0, 1, 7, 31
"/home/winter/Desktop/UnKnownWorld/Adminnn/Tryodo-Website/src/components/PWAInstallPrompt.tsx", "TypeScript JSX", 0, 0, 0, 0, 0, 0, 0, 0, 100, 0, 0, 0, 0, 11, 20, 131
"/home/winter/Desktop/UnKnownWorld/Adminnn/Tryodo-Website/src/components/PWAStatus.tsx", "TypeScript JSX", 0, 0, 0, 0, 0, 0, 0, 0, 93, 0, 0, 0, 0, 3, 10, 106
"/home/winter/Desktop/UnKnownWorld/Adminnn/Tryodo-Website/src/components/PhoneSearch.tsx", "TypeScript JSX", 0, 0, 0, 0, 0, 0, 0, 0, 82, 0, 0, 0, 0, 0, 12, 94
"/home/winter/Desktop/UnKnownWorld/Adminnn/Tryodo-Website/src/components/ProtectedRoute.tsx", "TypeScript JSX", 0, 0, 0, 0, 0, 0, 0, 0, 81, 0, 0, 0, 0, 10, 15, 106
"/home/winter/Desktop/UnKnownWorld/Adminnn/Tryodo-Website/src/components/SlotSelection.tsx", "TypeScript JSX", 0, 0, 0, 0, 0, 0, 0, 0, 254, 0, 0, 0, 0, 6, 34, 294
"/home/winter/Desktop/UnKnownWorld/Adminnn/Tryodo-Website/src/components/VendorCard.tsx", "TypeScript JSX", 0, 0, 0, 0, 0, 0, 0, 0, 134, 0, 0, 0, 0, 0, 12, 146
"/home/winter/Desktop/UnKnownWorld/Adminnn/Tryodo-Website/src/components/VendorSalesSection.tsx", "TypeScript JSX", 0, 0, 0, 0, 0, 0, 0, 0, 118, 0, 0, 0, 0, 3, 11, 132
"/home/winter/Desktop/UnKnownWorld/Adminnn/Tryodo-Website/src/components/customer/Cart.tsx", "TypeScript JSX", 0, 0, 0, 0, 0, 0, 0, 0, 206, 0, 0, 0, 0, 10, 24, 240
"/home/winter/Desktop/UnKnownWorld/Adminnn/Tryodo-Website/src/components/customer/OrderCard.tsx", "TypeScript JSX", 0, 0, 0, 0, 0, 0, 0, 0, 408, 0, 0, 0, 0, 11, 29, 448
"/home/winter/Desktop/UnKnownWorld/Adminnn/Tryodo-Website/src/components/customer/OrderTracking.tsx", "TypeScript JSX", 0, 0, 0, 0, 0, 0, 0, 0, 224, 0, 0, 0, 0, 11, 27, 262
"/home/winter/Desktop/UnKnownWorld/Adminnn/Tryodo-Website/src/components/magicui/animated-list.tsx", "TypeScript JSX", 0, 0, 0, 0, 0, 0, 0, 0, 62, 0, 0, 0, 0, 0, 11, 73
"/home/winter/Desktop/UnKnownWorld/Adminnn/Tryodo-Website/src/components/magicui/cool-mode.tsx", "TypeScript JSX", 0, 0, 0, 0, 0, 0, 0, 0, 196, 0, 0, 0, 0, 0, 45, 241
"/home/winter/Desktop/UnKnownWorld/Adminnn/Tryodo-Website/src/components/magicui/magic-card.tsx", "TypeScript JSX", 0, 0, 0, 0, 0, 0, 0, 0, 97, 0, 0, 0, 0, 0, 12, 109
"/home/winter/Desktop/UnKnownWorld/Adminnn/Tryodo-Website/src/components/magicui/marquee.tsx", "TypeScript JSX", 0, 0, 0, 0, 0, 0, 0, 0, 49, 0, 0, 0, 0, 22, 3, 74
"/home/winter/Desktop/UnKnownWorld/Adminnn/Tryodo-Website/src/components/magicui/number-ticker.tsx", "TypeScript JSX", 0, 0, 0, 0, 0, 0, 0, 0, 60, 0, 0, 0, 0, 0, 8, 68
"/home/winter/Desktop/UnKnownWorld/Adminnn/Tryodo-Website/src/components/magicui/pulsating-button.tsx", "TypeScript JSX", 0, 0, 0, 0, 0, 0, 0, 0, 43, 0, 0, 0, 0, 0, 4, 47
"/home/winter/Desktop/UnKnownWorld/Adminnn/Tryodo-Website/src/components/magicui/rainbow-button.tsx", "TypeScript JSX", 0, 0, 0, 0, 0, 0, 0, 0, 56, 0, 0, 0, 0, 0, 7, 63
"/home/winter/Desktop/UnKnownWorld/Adminnn/Tryodo-Website/src/components/magicui/ripple-button.tsx", "TypeScript JSX", 0, 0, 0, 0, 0, 0, 0, 0, 82, 0, 0, 0, 0, 0, 10, 92
"/home/winter/Desktop/UnKnownWorld/Adminnn/Tryodo-Website/src/components/magicui/shimmer-button.tsx", "TypeScript JSX", 0, 0, 0, 0, 0, 0, 0, 0, 78, 0, 0, 0, 0, 8, 11, 97
"/home/winter/Desktop/UnKnownWorld/Adminnn/Tryodo-Website/src/components/magicui/shine-border.tsx", "TypeScript JSX", 0, 0, 0, 0, 0, 0, 0, 0, 42, 0, 0, 0, 0, 17, 5, 64
"/home/winter/Desktop/UnKnownWorld/Adminnn/Tryodo-Website/src/components/ui/accordion.tsx", "TypeScript JSX", 0, 0, 0, 0, 0, 0, 0, 0, 49, 0, 0, 0, 0, 0, 8, 57
"/home/winter/Desktop/UnKnownWorld/Adminnn/Tryodo-Website/src/components/ui/alert-dialog.tsx", "TypeScript JSX", 0, 0, 0, 0, 0, 0, 0, 0, 126, 0, 0, 0, 0, 0, 14, 140
"/home/winter/Desktop/UnKnownWorld/Adminnn/Tryodo-Website/src/components/ui/alert.tsx", "TypeScript JSX", 0, 0, 0, 0, 0, 0, 0, 0, 53, 0, 0, 0, 0, 0, 7, 60
"/home/winter/Desktop/UnKnownWorld/Adminnn/Tryodo-Website/src/components/ui/aspect-ratio.tsx", "TypeScript JSX", 0, 0, 0, 0, 0, 0, 0, 0, 3, 0, 0, 0, 0, 0, 3, 6
"/home/winter/Desktop/UnKnownWorld/Adminnn/Tryodo-Website/src/components/ui/avatar.tsx", "TypeScript JSX", 0, 0, 0, 0, 0, 0, 0, 0, 43, 0, 0, 0, 0, 0, 6, 49
"/home/winter/Desktop/UnKnownWorld/Adminnn/Tryodo-Website/src/components/ui/badge.tsx", "TypeScript JSX", 0, 0, 0, 0, 0, 0, 0, 0, 31, 0, 0, 0, 0, 0, 6, 37
"/home/winter/Desktop/UnKnownWorld/Adminnn/Tryodo-Website/src/components/ui/breadcrumb.tsx", "TypeScript JSX", 0, 0, 0, 0, 0, 0, 0, 0, 105, 0, 0, 0, 0, 0, 11, 116
"/home/winter/Desktop/UnKnownWorld/Adminnn/Tryodo-Website/src/components/ui/button.tsx", "TypeScript JSX", 0, 0, 0, 0, 0, 0, 0, 0, 93, 0, 0, 0, 0, 8, 10, 111
"/home/winter/Desktop/UnKnownWorld/Adminnn/Tryodo-Website/src/components/ui/calendar.tsx", "TypeScript JSX", 0, 0, 0, 0, 0, 0, 0, 0, 60, 0, 0, 0, 0, 0, 5, 65
"/home/winter/Desktop/UnKnownWorld/Adminnn/Tryodo-Website/src/components/ui/card.tsx", "TypeScript JSX", 0, 0, 0, 0, 0, 0, 0, 0, 71, 0, 0, 0, 0, 0, 9, 80
"/home/winter/Desktop/UnKnownWorld/Adminnn/Tryodo-Website/src/components/ui/carousel.tsx", "TypeScript JSX", 0, 0, 0, 0, 0, 0, 0, 0, 231, 0, 0, 0, 0, 0, 30, 261
"/home/winter/Desktop/UnKnownWorld/Adminnn/Tryodo-Website/src/components/ui/chart.tsx", "TypeScript JSX", 0, 0, 0, 0, 0, 0, 0, 0, 326, 0, 0, 0, 0, 2, 36, 364
"/home/winter/Desktop/UnKnownWorld/Adminnn/Tryodo-Website/src/components/ui/checkbox.tsx", "TypeScript JSX", 0, 0, 0, 0, 0, 0, 0, 0, 25, 0, 0, 0, 0, 0, 4, 29
"/home/winter/Desktop/UnKnownWorld/Adminnn/Tryodo-Website/src/components/ui/collapsible.tsx", "TypeScript JSX", 0, 0, 0, 0, 0, 0, 0, 0, 5, 0, 0, 0, 0, 0, 5, 10
"/home/winter/Desktop/UnKnownWorld/Adminnn/Tryodo-Website/src/components/ui/command.tsx", "TypeScript JSX", 0, 0, 0, 0, 0, 0, 0, 0, 136, 0, 0, 0, 0, 0, 18, 154
"/home/winter/Desktop/UnKnownWorld/Adminnn/Tryodo-Website/src/components/ui/context-menu.tsx", "TypeScript JSX", 0, 0, 0, 0, 0, 0, 0, 0, 181, 0, 0, 0, 0, 0, 18, 199
"/home/winter/Desktop/UnKnownWorld/Adminnn/Tryodo-Website/src/components/ui/dialog.tsx", "TypeScript JSX", 0, 0, 0, 0, 0, 0, 0, 0, 108, 0, 0, 0, 0, 0, 13, 121
"/home/winter/Desktop/UnKnownWorld/Adminnn/Tryodo-Website/src/components/ui/drawer.tsx", "TypeScript JSX", 0, 0, 0, 0, 0, 0, 0, 0, 104, 0, 0, 0, 0, 0, 13, 117
"/home/winter/Desktop/UnKnownWorld/Adminnn/Tryodo-Website/src/components/ui/dropdown-menu.tsx", "TypeScript JSX", 0, 0, 0, 0, 0, 0, 0, 0, 181, 0, 0, 0, 0, 0, 18, 199
"/home/winter/Desktop/UnKnownWorld/Adminnn/Tryodo-Website/src/components/ui/floating-action-button.tsx", "TypeScript JSX", 0, 0, 0, 0, 0, 0, 0, 0, 61, 0, 0, 0, 0, 2, 7, 70
"/home/winter/Desktop/UnKnownWorld/Adminnn/Tryodo-Website/src/components/ui/form.tsx", "TypeScript JSX", 0, 0, 0, 0, 0, 0, 0, 0, 152, 0, 0, 0, 0, 0, 25, 177
"/home/winter/Desktop/UnKnownWorld/Adminnn/Tryodo-Website/src/components/ui/hover-card.tsx", "TypeScript JSX", 0, 0, 0, 0, 0, 0, 0, 0, 22, 0, 0, 0, 0, 0, 6, 28
"/home/winter/Desktop/UnKnownWorld/Adminnn/Tryodo-Website/src/components/ui/input-otp.tsx", "TypeScript JSX", 0, 0, 0, 0, 0, 0, 0, 0, 62, 0, 0, 0, 0, 0, 8, 70
"/home/winter/Desktop/UnKnownWorld/Adminnn/Tryodo-Website/src/components/ui/input.tsx", "TypeScript JSX", 0, 0, 0, 0, 0, 0, 0, 0, 20, 0, 0, 0, 0, 0, 4, 24
"/home/winter/Desktop/UnKnownWorld/Adminnn/Tryodo-Website/src/components/ui/label.tsx", "TypeScript JSX", 0, 0, 0, 0, 0, 0, 0, 0, 20, 0, 0, 0, 0, 0, 5, 25
"/home/winter/Desktop/UnKnownWorld/Adminnn/Tryodo-Website/src/components/ui/menubar.tsx", "TypeScript JSX", 0, 0, 0, 0, 0, 0, 0, 0, 216, 0, 0, 0, 0, 0, 19, 235
"/home/winter/Desktop/UnKnownWorld/Adminnn/Tryodo-Website/src/components/ui/navigation-menu.tsx", "TypeScript JSX", 0, 0, 0, 0, 0, 0, 0, 0, 117, 0, 0, 0, 0, 0, 12, 129
"/home/winter/Desktop/UnKnownWorld/Adminnn/Tryodo-Website/src/components/ui/pagination.tsx", "TypeScript JSX", 0, 0, 0, 0, 0, 0, 0, 0, 107, 0, 0, 0, 0, 0, 11, 118
"/home/winter/Desktop/UnKnownWorld/Adminnn/Tryodo-Website/src/components/ui/popover.tsx", "TypeScript JSX", 0, 0, 0, 0, 0, 0, 0, 0, 24, 0, 0, 0, 0, 0, 6, 30
"/home/winter/Desktop/UnKnownWorld/Adminnn/Tryodo-Website/src/components/ui/progress.tsx", "TypeScript JSX", 0, 0, 0, 0, 0, 0, 0, 0, 23, 0, 0, 0, 0, 0, 4, 27
"/home/winter/Desktop/UnKnownWorld/Adminnn/Tryodo-Website/src/components/ui/radio-group.tsx", "TypeScript JSX", 0, 0, 0, 0, 0, 0, 0, 0, 38, 0, 0, 0, 0, 0, 5, 43
"/home/winter/Desktop/UnKnownWorld/Adminnn/Tryodo-Website/src/components/ui/resizable.tsx", "TypeScript JSX", 0, 0, 0, 0, 0, 0, 0, 0, 38, 0, 0, 0, 0, 0, 6, 44
"/home/winter/Desktop/UnKnownWorld/Adminnn/Tryodo-Website/src/components/ui/scroll-area.tsx", "TypeScript JSX", 0, 0, 0, 0, 0, 0, 0, 0, 42, 0, 0, 0, 0, 0, 5, 47
"/home/winter/Desktop/UnKnownWorld/Adminnn/Tryodo-Website/src/components/ui/select.tsx", "TypeScript JSX", 0, 0, 0, 0, 0, 0, 0, 0, 145, 0, 0, 0, 0, 0, 14, 159
"/home/winter/Desktop/UnKnownWorld/Adminnn/Tryodo-Website/src/components/ui/separator.tsx", "TypeScript JSX", 0, 0, 0, 0, 0, 0, 0, 0, 26, 0, 0, 0, 0, 0, 4, 30
"/home/winter/Desktop/UnKnownWorld/Adminnn/Tryodo-Website/src/components/ui/sheet.tsx", "TypeScript JSX", 0, 0, 0, 0, 0, 0, 0, 0, 116, 0, 0, 0, 0, 0, 16, 132
"/home/winter/Desktop/UnKnownWorld/Adminnn/Tryodo-Website/src/components/ui/sidebar.tsx", "TypeScript JSX", 0, 0, 0, 0, 0, 0, 0, 0, 696, 0, 0, 0, 0, 12, 54, 762
"/home/winter/Desktop/UnKnownWorld/Adminnn/Tryodo-Website/src/components/ui/skeleton.tsx", "TypeScript JSX", 0, 0, 0, 0, 0, 0, 0, 0, 13, 0, 0, 0, 0, 0, 3, 16
"/home/winter/Desktop/UnKnownWorld/Adminnn/Tryodo-Website/src/components/ui/slider.tsx", "TypeScript JSX", 0, 0, 0, 0, 0, 0, 0, 0, 23, 0, 0, 0, 0, 0, 4, 27
"/home/winter/Desktop/UnKnownWorld/Adminnn/Tryodo-Website/src/components/ui/sonner.tsx", "TypeScript JSX", 0, 0, 0, 0, 0, 0, 0, 0, 23, 0, 0, 0, 0, 0, 4, 27
"/home/winter/Desktop/UnKnownWorld/Adminnn/Tryodo-Website/src/components/ui/switch.tsx", "TypeScript JSX", 0, 0, 0, 0, 0, 0, 0, 0, 24, 0, 0, 0, 0, 0, 4, 28
"/home/winter/Desktop/UnKnownWorld/Adminnn/Tryodo-Website/src/components/ui/table.tsx", "TypeScript JSX", 0, 0, 0, 0, 0, 0, 0, 0, 107, 0, 0, 0, 0, 0, 11, 118
"/home/winter/Desktop/UnKnownWorld/Adminnn/Tryodo-Website/src/components/ui/tabs.tsx", "TypeScript JSX", 0, 0, 0, 0, 0, 0, 0, 0, 47, 0, 0, 0, 0, 0, 7, 54
"/home/winter/Desktop/UnKnownWorld/Adminnn/Tryodo-Website/src/components/ui/textarea.tsx", "TypeScript JSX", 0, 0, 0, 0, 0, 0, 0, 0, 20, 0, 0, 0, 0, 0, 5, 25
"/home/winter/Desktop/UnKnownWorld/Adminnn/Tryodo-Website/src/components/ui/toast.tsx", "TypeScript JSX", 0, 0, 0, 0, 0, 0, 0, 0, 115, 0, 0, 0, 0, 0, 13, 128
"/home/winter/Desktop/UnKnownWorld/Adminnn/Tryodo-Website/src/components/ui/toaster.tsx", "TypeScript JSX", 0, 0, 0, 0, 0, 0, 0, 0, 31, 0, 0, 0, 0, 0, 3, 34
"/home/winter/Desktop/UnKnownWorld/Adminnn/Tryodo-Website/src/components/ui/toggle-group.tsx", "TypeScript JSX", 0, 0, 0, 0, 0, 0, 0, 0, 51, 0, 0, 0, 0, 0, 9, 60
"/home/winter/Desktop/UnKnownWorld/Adminnn/Tryodo-Website/src/components/ui/toggle.tsx", "TypeScript JSX", 0, 0, 0, 0, 0, 0, 0, 0, 38, 0, 0, 0, 0, 0, 6, 44
"/home/winter/Desktop/UnKnownWorld/Adminnn/Tryodo-Website/src/components/ui/tooltip.tsx", "TypeScript JSX", 0, 0, 0, 0, 0, 0, 0, 0, 22, 0, 0, 0, 0, 0, 7, 29
"/home/winter/Desktop/UnKnownWorld/Adminnn/Tryodo-Website/src/components/ui/use-toast.ts", "TypeScript", 0, 0, 0, 0, 0, 0, 2, 0, 0, 0, 0, 0, 0, 0, 2, 4
"/home/winter/Desktop/UnKnownWorld/Adminnn/Tryodo-Website/src/contexts/AuthContext.tsx", "TypeScript JSX", 0, 0, 0, 0, 0, 0, 0, 0, 405, 0, 0, 0, 0, 28, 75, 508
"/home/winter/Desktop/UnKnownWorld/Adminnn/Tryodo-Website/src/contexts/CartContext.tsx", "TypeScript JSX", 0, 0, 0, 0, 0, 0, 0, 0, 228, 0, 0, 0, 0, 16, 28, 272
"/home/winter/Desktop/UnKnownWorld/Adminnn/Tryodo-Website/src/debug-browser.js", "JavaScript", 0, 0, 0, 0, 69, 0, 0, 0, 0, 0, 0, 0, 0, 8, 14, 91
"/home/winter/Desktop/UnKnownWorld/Adminnn/Tryodo-Website/src/hooks/use-mobile.tsx", "TypeScript JSX", 0, 0, 0, 0, 0, 0, 0, 0, 15, 0, 0, 0, 0, 0, 5, 20
"/home/winter/Desktop/UnKnownWorld/Adminnn/Tryodo-Website/src/hooks/use-toast.ts", "TypeScript", 0, 0, 0, 0, 0, 0, 159, 0, 0, 0, 0, 0, 0, 2, 31, 192
"/home/winter/Desktop/UnKnownWorld/Adminnn/Tryodo-Website/src/hooks/useLocationTracking.ts", "TypeScript", 0, 0, 0, 0, 0, 0, 69, 0, 0, 0, 0, 0, 0, 1, 12, 82
"/home/winter/Desktop/UnKnownWorld/Adminnn/Tryodo-Website/src/hooks/useRoleAccess.ts", "TypeScript", 0, 0, 0, 0, 0, 0, 46, 0, 0, 0, 0, 0, 0, 0, 9, 55
"/home/winter/Desktop/UnKnownWorld/Adminnn/Tryodo-Website/src/index.css", "CSS", 0, 0, 0, 0, 0, 0, 0, 0, 0, 0, 572, 0, 0, 59, 129, 760
"/home/winter/Desktop/UnKnownWorld/Adminnn/Tryodo-Website/src/lib/api.ts", "TypeScript", 0, 0, 0, 0, 0, 0, 2035, 0, 0, 0, 0, 0, 0, 194, 236, 2465
"/home/winter/Desktop/UnKnownWorld/Adminnn/Tryodo-Website/src/lib/apiRouter.ts", "TypeScript", 0, 0, 0, 0, 0, 0, 288, 0, 0, 0, 0, 0, 0, 24, 65, 377
"/home/winter/Desktop/UnKnownWorld/Adminnn/Tryodo-Website/src/lib/authUtils.ts", "TypeScript", 0, 0, 0, 0, 0, 0, 87, 0, 0, 0, 0, 0, 0, 5, 16, 108
"/home/winter/Desktop/UnKnownWorld/Adminnn/Tryodo-Website/src/lib/cartApi.ts", "TypeScript", 0, 0, 0, 0, 0, 0, 434, 0, 0, 0, 0, 0, 0, 48, 83, 565
"/home/winter/Desktop/UnKnownWorld/Adminnn/Tryodo-Website/src/lib/deliveryApi.ts", "TypeScript", 0, 0, 0, 0, 0, 0, 1701, 0, 0, 0, 0, 0, 0, 132, 255, 2088
"/home/winter/Desktop/UnKnownWorld/Adminnn/Tryodo-Website/src/lib/profileUtils.ts", "TypeScript", 0, 0, 0, 0, 0, 0, 92, 0, 0, 0, 0, 0, 0, 4, 15, 111
"/home/winter/Desktop/UnKnownWorld/Adminnn/Tryodo-Website/src/lib/pwa.ts", "TypeScript", 0, 0, 0, 0, 0, 0, 131, 0, 0, 0, 0, 0, 0, 5, 17, 153
"/home/winter/Desktop/UnKnownWorld/Adminnn/Tryodo-Website/src/lib/supabase.ts", "TypeScript", 0, 0, 0, 0, 0, 0, 7, 0, 0, 0, 0, 0, 0, 4, 5, 16
"/home/winter/Desktop/UnKnownWorld/Adminnn/Tryodo-Website/src/lib/utils.ts", "TypeScript", 0, 0, 0, 0, 0, 0, 5, 0, 0, 0, 0, 0, 0, 0, 2, 7
"/home/winter/Desktop/UnKnownWorld/Adminnn/Tryodo-Website/src/main.tsx", "TypeScript JSX", 0, 0, 0, 0, 0, 0, 0, 0, 4, 0, 0, 0, 0, 0, 2, 6
"/home/winter/Desktop/UnKnownWorld/Adminnn/Tryodo-Website/src/pages/About.tsx", "TypeScript JSX", 0, 0, 0, 0, 0, 0, 0, 0, 227, 0, 0, 0, 0, 7, 22, 256
"/home/winter/Desktop/UnKnownWorld/Adminnn/Tryodo-Website/src/pages/AddProduct.tsx", "TypeScript JSX", 0, 0, 0, 0, 0, 0, 0, 0, 761, 0, 0, 0, 0, 147, 87, 995
"/home/winter/Desktop/UnKnownWorld/Adminnn/Tryodo-Website/src/pages/AddressContent.tsx", "TypeScript JSX", 0, 0, 0, 0, 0, 0, 0, 0, 220, 0, 0, 0, 0, 0, 12, 232
"/home/winter/Desktop/UnKnownWorld/Adminnn/Tryodo-Website/src/pages/AdminCategoriesManagement.tsx", "TypeScript JSX", 0, 0, 0, 0, 0, 0, 0, 0, 705, 0, 0, 0, 0, 19, 88, 812
"/home/winter/Desktop/UnKnownWorld/Adminnn/Tryodo-Website/src/pages/AdminCommissionRules.tsx", "TypeScript JSX", 0, 0, 0, 0, 0, 0, 0, 0, 649, 0, 0, 0, 0, 8, 51, 708
"/home/winter/Desktop/UnKnownWorld/Adminnn/Tryodo-Website/src/pages/AdminDashboard.tsx", "TypeScript JSX", 0, 0, 0, 0, 0, 0, 0, 0, 1388, 0, 0, 0, 0, 47, 115, 1550
"/home/winter/Desktop/UnKnownWorld/Adminnn/Tryodo-Website/src/pages/AdminDeliveryWallets.tsx", "TypeScript JSX", 0, 0, 0, 0, 0, 0, 0, 0, 626, 0, 0, 0, 0, 9, 37, 672
"/home/winter/Desktop/UnKnownWorld/Adminnn/Tryodo-Website/src/pages/AdminModelsManagement.tsx", "TypeScript JSX", 0, 0, 0, 0, 0, 0, 0, 0, 1138, 0, 0, 0, 0, 36, 121, 1295
"/home/winter/Desktop/UnKnownWorld/Adminnn/Tryodo-Website/src/pages/AdminPayoutManagement.tsx", "TypeScript JSX", 0, 0, 0, 0, 0, 0, 0, 0, 676, 0, 0, 0, 0, 12, 55, 743
"/home/winter/Desktop/UnKnownWorld/Adminnn/Tryodo-Website/src/pages/AdminQualitiesManagement.tsx", "TypeScript JSX", 0, 0, 0, 0, 0, 0, 0, 0, 708, 0, 0, 0, 0, 20, 83, 811
"/home/winter/Desktop/UnKnownWorld/Adminnn/Tryodo-Website/src/pages/AdminSectorManagement.tsx", "TypeScript JSX", 0, 0, 0, 0, 0, 0, 0, 0, 466, 0, 0, 0, 0, 7, 46, 519
"/home/winter/Desktop/UnKnownWorld/Adminnn/Tryodo-Website/src/pages/AdminSlotManagement.tsx", "TypeScript JSX", 0, 0, 0, 0, 0, 0, 0, 0, 626, 0, 0, 0, 0, 8, 60, 694
"/home/winter/Desktop/UnKnownWorld/Adminnn/Tryodo-Website/src/pages/AdminVendorManagement.tsx", "TypeScript JSX", 0, 0, 0, 0, 0, 0, 0, 0, 918, 0, 0, 0, 0, 14, 83, 1015
"/home/winter/Desktop/UnKnownWorld/Adminnn/Tryodo-Website/src/pages/AdminVendorWallets.tsx", "TypeScript JSX", 0, 0, 0, 0, 0, 0, 0, 0, 522, 0, 0, 0, 0, 9, 34, 565
"/home/winter/Desktop/UnKnownWorld/Adminnn/Tryodo-Website/src/pages/Checkout.tsx", "TypeScript JSX", 0, 0, 0, 0, 0, 0, 0, 0, 779, 0, 0, 0, 0, 6, 68, 853
"/home/winter/Desktop/UnKnownWorld/Adminnn/Tryodo-Website/src/pages/Contact.tsx", "TypeScript JSX", 0, 0, 0, 0, 0, 0, 0, 0, 350, 0, 0, 0, 0, 17, 27, 394
"/home/winter/Desktop/UnKnownWorld/Adminnn/Tryodo-Website/src/pages/DeliveryBoyDashboard.tsx", "TypeScript JSX", 0, 0, 0, 0, 0, 0, 0, 0, 573, 0, 0, 0, 0, 8, 56, 637
"/home/winter/Desktop/UnKnownWorld/Adminnn/Tryodo-Website/src/pages/DeliveryPartnerDashboard.tsx", "TypeScript JSX", 0, 0, 0, 0, 0, 0, 0, 0, 1531, 0, 0, 0, 0, 110, 125, 1766
"/home/winter/Desktop/UnKnownWorld/Adminnn/Tryodo-Website/src/pages/Index.tsx", "TypeScript JSX", 0, 0, 0, 0, 0, 0, 0, 0, 518, 0, 0, 0, 0, 26, 41, 585
"/home/winter/Desktop/UnKnownWorld/Adminnn/Tryodo-Website/src/pages/Login.tsx", "TypeScript JSX", 0, 0, 0, 0, 0, 0, 0, 0, 278, 0, 0, 0, 0, 28, 40, 346
"/home/winter/Desktop/UnKnownWorld/Adminnn/Tryodo-Website/src/pages/MyOrders.tsx", "TypeScript JSX", 0, 0, 0, 0, 0, 0, 0, 0, 627, 0, 0, 0, 0, 15, 49, 691
"/home/winter/Desktop/UnKnownWorld/Adminnn/Tryodo-Website/src/pages/NotFound.tsx", "TypeScript JSX", 0, 0, 0, 0, 0, 0, 0, 0, 15, 0, 0, 0, 0, 0, 3, 18
"/home/winter/Desktop/UnKnownWorld/Adminnn/Tryodo-Website/src/pages/Order.tsx", "TypeScript JSX", 0, 0, 0, 0, 0, 0, 0, 0, 986, 0, 0, 0, 0, 54, 127, 1167
"/home/winter/Desktop/UnKnownWorld/Adminnn/Tryodo-Website/src/pages/OrderSuccess.tsx", "TypeScript JSX", 0, 0, 0, 0, 0, 0, 0, 0, 745, 0, 0, 0, 0, 33, 87, 865
"/home/winter/Desktop/UnKnownWorld/Adminnn/Tryodo-Website/src/pages/ProfileContent.tsx", "TypeScript JSX", 0, 0, 0, 0, 0, 0, 0, 0, 308, 0, 0, 0, 0, 17, 31, 356
"/home/winter/Desktop/UnKnownWorld/Adminnn/Tryodo-Website/src/pages/ResetPassword.tsx", "TypeScript JSX", 0, 0, 0, 0, 0, 0, 0, 0, 250, 0, 0, 0, 0, 9, 27, 286
"/home/winter/Desktop/UnKnownWorld/Adminnn/Tryodo-Website/src/pages/SettingsContent.tsx", "TypeScript JSX", 0, 0, 0, 0, 0, 0, 0, 0, 204, 0, 0, 0, 0, 5, 21, 230
"/home/winter/Desktop/UnKnownWorld/Adminnn/Tryodo-Website/src/pages/Signup.tsx", "TypeScript JSX", 0, 0, 0, 0, 0, 0, 0, 0, 409, 0, 0, 0, 0, 19, 38, 466
"/home/winter/Desktop/UnKnownWorld/Adminnn/Tryodo-Website/src/pages/UserProfilePage.tsx", "TypeScript JSX", 0, 0, 0, 0, 0, 0, 0, 0, 131, 0, 0, 0, 0, 6, 12, 149
"/home/winter/Desktop/UnKnownWorld/Adminnn/Tryodo-Website/src/pages/VendorDashboard.tsx", "TypeScript JSX", 0, 0, 0, 0, 0, 0, 0, 0, 2402, 0, 0, 0, 0, 358, 216, 2976
"/home/winter/Desktop/UnKnownWorld/Adminnn/Tryodo-Website/src/pages/VendorProductManagement.tsx", "TypeScript JSX", 0, 0, 0, 0, 0, 0, 0, 0, 1437, 0, 0, 0, 0, 70, 132, 1639
"/home/winter/Desktop/UnKnownWorld/Adminnn/Tryodo-Website/src/pages/VendorProfile.tsx", "TypeScript JSX", 0, 0, 0, 0, 0, 0, 0, 0, 485, 0, 0, 0, 0, 183, 29, 697
"/home/winter/Desktop/UnKnownWorld/Adminnn/Tryodo-Website/src/vite-env.d.ts", "TypeScript", 0, 0, 0, 0, 0, 0, 0, 0, 0, 0, 0, 0, 0, 1, 1, 2
"/home/winter/Desktop/UnKnownWorld/Adminnn/Tryodo-Website/supabase/migrations/20250701_update_address_concept.sql", "MS SQL", 0, 0, 0, 0, 0, 33, 0, 0, 0, 0, 0, 0, 0, 5, 4, 42
"/home/winter/Desktop/UnKnownWorld/Adminnn/Tryodo-Website/supabase/migrations/20250702_refactor_address_columns.sql", "MS SQL", 0, 0, 0, 0, 0, 7, 0, 0, 0, 0, 0, 0, 0, 11, 4, 22
"/home/winter/Desktop/UnKnownWorld/Adminnn/Tryodo-Website/supabase/migrations/20250703_create_delivery_slot_system.sql", "MS SQL", 0, 0, 0, 0, 0, 113, 0, 0, 0, 0, 0, 0, 0, 12, 14, 139
"/home/winter/Desktop/UnKnownWorld/Adminnn/Tryodo-Website/supabase/migrations/20250704_refactor_order_address.sql", "MS SQL", 0, 0, 0, 0, 0, 122, 0, 0, 0, 0, 0, 0, 0, 4, 3, 129
"/home/winter/Desktop/UnKnownWorld/Adminnn/Tryodo-Website/tailwind.config.ts", "TypeScript", 0, 0, 0, 0, 0, 0, 194, 0, 0, 0, 0, 0, 0, 5, 2, 201
"/home/winter/Desktop/UnKnownWorld/Adminnn/Tryodo-Website/tsconfig.app.json", "JSON", 0, 25, 0, 0, 0, 0, 0, 0, 0, 0, 0, 0, 0, 2, 4, 31
"/home/winter/Desktop/UnKnownWorld/Adminnn/Tryodo-Website/tsconfig.json", "JSON with Comments", 0, 0, 0, 0, 0, 0, 0, 19, 0, 0, 0, 0, 0, 0, 1, 20
"/home/winter/Desktop/UnKnownWorld/Adminnn/Tryodo-Website/tsconfig.node.json", "JSON", 0, 18, 0, 0, 0, 0, 0, 0, 0, 0, 0, 0, 0, 2, 3, 23
"/home/winter/Desktop/UnKnownWorld/Adminnn/Tryodo-Website/vite.config.ts", "TypeScript", 0, 0, 0, 0, 0, 0, 201, 0, 0, 0, 0, 0, 0, 1, 2, 204
"Total", "-", 538, 12643, 473, 0, 267, 275, 5451, 19, 30407, 7080, 609, 1, 264, 2097, 5924, 66048